message_id,message,timestamp
0,message_0,2023-01-01 00:00:00
1,message_1,2023-01-01 01:00:00
2,message_2,2023-01-01 02:00:00
3,message_3,2023-01-01 03:00:00
4,message_4,2023-01-01 04:00:00
5,message_5,2023-01-01 05:00:00
6,message_6,2023-01-01 06:00:00
7,message_7,2023-01-01 07:00:00
8,message_8,2023-01-01 08:00:00
9,message_9,2023-01-01 09:00:00
10,message_10,2023-01-01 10:00:00
11,message_11,2023-01-01 11:00:00
12,message_12,2023-01-01 12:00:00
13,message_13,2023-01-01 13:00:00
14,message_14,2023-01-01 14:00:00
15,message_15,2023-01-01 15:00:00
16,message_16,2023-01-01 16:00:00
17,message_17,2023-01-01 17:00:00
18,message_18,2023-01-01 18:00:00
19,message_19,2023-01-01 19:00:00
20,message_20,2023-01-01 20:00:00
21,message_21,2023-01-01 21:00:00
22,message_22,2023-01-01 22:00:00
23,message_23,2023-01-01 23:00:00
24,message_24,2023-01-02 00:00:00
25,message_25,2023-01-02 01:00:00
26,message_26,2023-01-02 02:00:00
27,message_27,2023-01-02 03:00:00
28,message_28,2023-01-02 04:00:00
29,message_29,2023-01-02 05:00:00
30,message_30,2023-01-02 06:00:00
31,message_31,2023-01-02 07:00:00
32,message_32,2023-01-02 08:00:00
33,message_33,2023-01-02 09:00:00
34,message_34,2023-01-02 10:00:00
35,message_35,2023-01-02 11:00:00
36,message_36,2023-01-02 12:00:00
37,message_37,2023-01-02 13:00:00
38,message_38,2023-01-02 14:00:00
39,message_39,2023-01-02 15:00:00
40,message_40,2023-01-02 16:00:00
41,message_41,2023-01-02 17:00:00
42,message_42,2023-01-02 18:00:00
43,message_43,2023-01-02 19:00:00
44,message_44,2023-01-02 20:00:00
45,message_45,2023-01-02 21:00:00
46,message_46,2023-01-02 22:00:00
47,message_47,2023-01-02 23:00:00
48,message_48,2023-01-03 00:00:00
49,message_49,2023-01-03 01:00:00
50,message_50,2023-01-03 02:00:00
51,message_51,2023-01-03 03:00:00
52,message_52,2023-01-03 04:00:00
53,message_53,2023-01-03 05:00:00
54,message_54,2023-01-03 06:00:00
55,message_55,2023-01-03 07:00:00
56,message_56,2023-01-03 08:00:00
57,message_57,2023-01-03 09:00:00
58,message_58,2023-01-03 10:00:00
59,message_59,2023-01-03 11:00:00
60,message_60,2023-01-03 12:00:00
61,message_61,2023-01-03 13:00:00
62,message_62,2023-01-03 14:00:00
63,message_63,2023-01-03 15:00:00
64,message_64,2023-01-03 16:00:00
65,message_65,2023-01-03 17:00:00
66,message_66,2023-01-03 18:00:00
67,message_67,2023-01-03 19:00:00
68,message_68,2023-01-03 20:00:00
69,message_69,2023-01-03 21:00:00
70,message_70,2023-01-03 22:00:00
71,message_71,2023-01-03 23:00:00
72,message_72,2023-01-04 00:00:00
73,message_73,2023-01-04 01:00:00
74,message_74,2023-01-04 02:00:00
75,message_75,2023-01-04 03:00:00
76,message_76,2023-01-04 04:00:00
77,message_77,2023-01-04 05:00:00
78,message_78,2023-01-04 06:00:00
79,message_79,2023-01-04 07:00:00
80,message_80,2023-01-04 08:00:00
81,message_81,2023-01-04 09:00:00
82,message_82,2023-01-04 10:00:00
83,message_83,2023-01-04 11:00:00
84,message_84,2023-01-04 12:00:00
85,message_85,2023-01-04 13:00:00
86,message_86,2023-01-04 14:00:00
87,message_87,2023-01-04 15:00:00
88,message_88,2023-01-04 16:00:00
89,message_89,2023-01-04 17:00:00
90,message_90,2023-01-04 18:00:00
91,message_91,2023-01-04 19:00:00
92,message_92,2023-01-04 20:00:00
93,message_93,2023-01-04 21:00:00
94,message_94,2023-01-04 22:00:00
95,message_95,2023-01-04 23:00:00
96,message_96,2023-01-05 00:00:00
97,message_97,2023-01-05 01:00:00
98,message_98,2023-01-05 02:00:00
99,message_99,2023-01-05 03:00:00
